model,modification,original_mean_f1,modified_mean_f1,mean_f1_pct_change,original_micro_f1,modified_micro_f1,micro_f1_pct_change,p_value,significance
GPT2,capitalization,0.6137335115864527,0.42520966615084255,-30.717541388328446,"{'micro_f1': 0.7117117117117118, 'PRODUCT': {'f1': 0.6037735849056605, 'support': 25}, 'PERSON': {'f1': 0.7764705882352942, 'support': 41}, 'OTHER': {'f1': 0.46428571428571425, 'support': 31}, 'LOCATION': {'f1': 0.8468468468468469, 'support': 53}, 'ORGANIZATION': {'f1': 0.7234042553191489, 'support': 51}, 'EVENT': {'f1': 0.8571428571428571, 'support': 8}, 'ART': {'f1': 0.4, 'support': 6}, 'BUILDING': {'f1': 0.7999999999999999, 'support': 8}, 'S.J.V.PERSON': {'f1': 0.0, 'support': 1}, 'support': 224}","{'micro_f1': 0.586046511627907, 'PRODUCT': {'f1': 0.49056603773584906, 'support': 24}, 'PERSON': {'f1': 0.5753424657534246, 'support': 41}, 'OTHER': {'f1': 0.39344262295081966, 'support': 30}, 'LOCATION': {'f1': 0.8037383177570092, 'support': 52}, 'EVENT': {'f1': 0.625, 'support': 8}, 'ORGANIZATION': {'f1': 0.6086956521739131, 'support': 51}, 'BUILDING': {'f1': 0.16666666666666666, 'support': 8}, 'ART': {'f1': 0.4, 'support': 6}, 'S.J.V.PERSON': {'f1': 0.0, 'support': 1}, 'support': 221}",-17.65675596114219,1.3040227564012582e-07,**
GPT2,coordinating_conjunction,0.593272718923635,0.5990708046232588,0.9773052956392777,"{'micro_f1': 0.6480446927374302, 'PERSON': {'f1': 0.6785714285714286, 'support': 29}, 'LOCATION': {'f1': 0.7843137254901961, 'support': 72}, 'PRODUCT': {'f1': 0.5217391304347826, 'support': 12}, 'BUILDING': {'f1': 0.5, 'support': 4}, 'ORGANIZATION': {'f1': 0.5121951219512195, 'support': 42}, 'OTHER': {'f1': 0.4, 'support': 7}, 'EVENT': {'f1': 0.7499999999999999, 'support': 5}, 'ART': {'f1': 0.33333333333333337, 'support': 1}, 'LOCATIONN': {'f1': 0.0, 'support': 2}, 'support': 174}","{'micro_f1': 0.6600496277915633, 'PERSON': {'f1': 0.6779661016949152, 'support': 31}, 'LOCATION': {'f1': 0.8068181818181818, 'support': 83}, 'PRODUCT': {'f1': 0.689655172413793, 'support': 15}, 'BUILDING': {'f1': 0.28571428571428575, 'support': 4}, 'ORGANIZATION': {'f1': 0.47727272727272724, 'support': 45}, 'OTHER': {'f1': 0.4166666666666667, 'support': 9}, 'EVENT': {'f1': 0.8, 'support': 6}, 'LOCATION-BASED': {'f1': 0.0, 'support': 2}, 'ART': {'f1': 0.4, 'support': 1}, 'LOCATIONN': {'f1': 0.0, 'support': 2}, 'NON-ENTITY': {'f1': 0.0, 'support': 1}, 'support': 199}",1.8524856678360617,0.3755765622885221,ns
GPT2,length_bias,0.4827365728900256,0.48563664596273287,0.6007568590349931,"{'micro_f1': 0.6652078774617067, 'ART': {'f1': 0.7857142857142856, 'support': 13}, 'ORGANIZATION': {'f1': 0.6222222222222222, 'support': 74}, 'PERSON': {'f1': 0.7804878048780488, 'support': 42}, 'PRODUCT': {'f1': 0.5106382978723404, 'support': 23}, 'LOCATION': {'f1': 0.761904761904762, 'support': 57}, 'EVENT': {'f1': 0.28571428571428575, 'support': 5}, 'OTHER': {'f1': 0.20000000000000004, 'support': 10}, 'BUILDING': {'f1': 0.6666666666666666, 'support': 6}, 'support': 230}","{'micro_f1': 0.6710526315789473, 'ART': {'f1': 0.7857142857142856, 'support': 13}, 'ORGANIZATION': {'f1': 0.5909090909090908, 'support': 72}, 'PERSON': {'f1': 0.7317073170731706, 'support': 42}, 'PRODUCT': {'f1': 0.5, 'support': 23}, 'LOCATION': {'f1': 0.7839999999999999, 'support': 56}, 'EVENT': {'f1': 0.4000000000000001, 'support': 5}, 'OTHER': {'f1': 0.7058823529411764, 'support': 10}, 'BUILDING': {'f1': 0.7142857142857143, 'support': 6}, ""'OTHER"": {'f1': 0.0, 'support': 1}, 'NON-ORGANIZATION': {'f1': 0.0, 'support': 1}, ""'ORGANIZATION"": {'f1': 0.0, 'support': 2}, 'support': 231}",0.8786357340720266,0.8676071167755057,ns
GPT2,concept_replacement,0.5405025539627617,0.500255745792078,-7.44618279332988,"{'micro_f1': 0.6954813359528487, 'LOCATION': {'f1': 0.8, 'support': 71}, 'ORGANIZATION': {'f1': 0.624, 'support': 65}, 'PERSON': {'f1': 0.8139534883720929, 'support': 42}, 'ART': {'f1': 0.742857142857143, 'support': 14}, 'OTHER': {'f1': 0.4545454545454545, 'support': 21}, 'PRODUCT': {'f1': 0.5714285714285714, 'support': 21}, 'EVENT': {'f1': 0.5555555555555556, 'support': 11}, 'BUILDING': {'f1': 0.6666666666666665, 'support': 5}, 'support': 250}","{'micro_f1': 0.6693227091633466, 'LOCATION-BASED': {'f1': 0.0, 'support': 1}, 'LOCATION': {'f1': 0.7619047619047619, 'support': 69}, 'ORGANIZATION': {'f1': 0.6166666666666667, 'support': 65}, 'PERSON': {'f1': 0.7555555555555556, 'support': 42}, 'ART': {'f1': 0.8571428571428571, 'support': 14}, 'PRODUCT': {'f1': 0.5454545454545454, 'support': 21}, 'OTHER': {'f1': 0.42857142857142855, 'support': 21}, 'EVENT': {'f1': 0.5263157894736842, 'support': 11}, 'BUILDING': {'f1': 0.5454545454545454, 'support': 5}, 'support': 249}",-3.7612262813154143,0.15020363864738112,ns
GPT2,grammatical_role,0.5641054669403359,0.532593680042298,-5.58615165865266,"{'micro_f1': 0.6613861386138614, 'LOCATION': {'f1': 0.8045977011494253, 'support': 81}, 'ORGANIZATION': {'f1': 0.4901960784313726, 'support': 54}, 'PERSON': {'f1': 0.7321428571428573, 'support': 53}, 'OTHER': {'f1': 0.4, 'support': 12}, 'BUILDING': {'f1': 0.4444444444444445, 'support': 5}, ""'ORGANIZATION"": {'f1': 0.0, 'support': 1}, 'EVENT': {'f1': 0.3333333333333333, 'support': 8}, 'PRODUCT': {'f1': 0.5555555555555555, 'support': 19}, 'ART': {'f1': 0.8148148148148148, 'support': 13}, 'LOCATIONN': {'f1': 0.0, 'support': 2}, 'support': 248}","{'micro_f1': 0.657258064516129, 'LOCATION': {'f1': 0.7999999999999998, 'support': 80}, 'ORGANIZATION': {'f1': 0.5192307692307692, 'support': 55}, 'PERSON': {'f1': 0.7368421052631579, 'support': 53}, 'OTHER': {'f1': 0.4166666666666667, 'support': 7}, 'BUILDING': {'f1': 0.0, 'support': 5}, ""'ORGANIZATION"": {'f1': 0.0, 'support': 1}, 'EVENT': {'f1': 0.28571428571428575, 'support': 8}, 'PRODUCT': {'f1': 0.47058823529411764, 'support': 19}, 'LOCATION-BASED': {'f1': 0.0, 'support': 1}, 'ART': {'f1': 0.9166666666666666, 'support': 13}, 'LOCATIONN': {'f1': 0.0, 'support': 2}, 'support': 244}",-0.6241549159745118,0.5493541907410715,ns
GPT2,sentiment,0.5849424076109873,0.571637465037752,-2.274573086190667,"{'micro_f1': 0.7212020033388982, 'LOCATION': {'f1': 0.8117647058823529, 'support': 81}, 'ORGANIZATION': {'f1': 0.6363636363636364, 'support': 57}, 'PERSON': {'f1': 0.832214765100671, 'support': 71}, 'OTHER': {'f1': 0.48275862068965514, 'support': 31}, 'PRODUCT': {'f1': 0.5777777777777778, 'support': 23}, 'BUILDING': {'f1': 0.6666666666666665, 'support': 10}, 'EVENT': {'f1': 0.6428571428571429, 'support': 15}, 'ART': {'f1': 0.761904761904762, 'support': 12}, 'support': 300}","{'micro_f1': 0.7100000000000001, 'LOCATION': {'f1': 0.7790697674418605, 'support': 80}, 'ORGANIZATION': {'f1': 0.6422018348623854, 'support': 57}, 'PERSON': {'f1': 0.8211920529801324, 'support': 71}, 'OTHER': {'f1': 0.5, 'support': 31}, 'PRODUCT': {'f1': 0.5116279069767442, 'support': 23}, 'BUILDING': {'f1': 0.7368421052631577, 'support': 10}, 'EVENT': {'f1': 0.6428571428571429, 'support': 15}, 'ART': {'f1': 0.761904761904762, 'support': 12}, 'LOCATION-BASED': {'f1': 0.0, 'support': 1}, 'support': 300}",-1.553240740740731,0.3122341999396282,ns
GPT2,dialectal,0.4898848428260193,0.4513622345173147,-7.863604859966188,"{'micro_f1': 0.6769911504424778, 'PERSON': {'f1': 0.7522935779816513, 'support': 56}, 'ORGANIZATION': {'f1': 0.6078431372549019, 'support': 54}, 'PRODUCT': {'f1': 0.5405405405405405, 'support': 17}, 'OTHER': {'f1': 0.42857142857142855, 'support': 21}, 'LOCATION': {'f1': 0.7592592592592592, 'support': 47}, 'BUILDING': {'f1': 0.8, 'support': 6}, 'ART': {'f1': 0.8387096774193549, 'support': 15}, 'EVENT': {'f1': 0.6153846153846154, 'support': 8}, 'support': 224}","{'micro_f1': 0.6247191011235954, 'PERSON': {'f1': 0.7027027027027026, 'support': 56}, 'ORGANIZATION': {'f1': 0.6326530612244898, 'support': 54}, 'PRODUCT': {'f1': 0.4864864864864864, 'support': 16}, 'OTHER': {'f1': 0.42857142857142855, 'support': 21}, 'LOCATION': {'f1': 0.7238095238095238, 'support': 47}, 'BUILDING': {'f1': 0.5, 'support': 6}, ""'ORGANIZATION"": {'f1': 0.0, 'support': 2}, ""'OTHER"": {'f1': 0.0, 'support': 2}, 'ART': {'f1': 0.7692307692307692, 'support': 7}, ""'ART"": {'f1': 0.0, 'support': 8}, 'EVENT': {'f1': 0.6666666666666666, 'support': 8}, 'support': 227}",-7.721230814423154,0.06231558063298826,.
GPT2,discourse,0.5576314989047186,0.543577266100486,-2.520344139783628,"{'micro_f1': 0.7015706806282722, 'PERSON': {'f1': 0.8598130841121496, 'support': 53}, 'PRODUCT': {'f1': 0.5517241379310344, 'support': 14}, 'LOCATION': {'f1': 0.7254901960784313, 'support': 45}, 'BUILDING': {'f1': 0.6153846153846153, 'support': 7}, 'OTHER': {'f1': 0.48, 'support': 27}, 'ORGANIZATION': {'f1': 0.6440677966101694, 'support': 31}, 'EVENT': {'f1': 0.7777777777777777, 'support': 10}, 'ART': {'f1': 0.5, 'support': 2}, 'support': 189}","{'micro_f1': 0.6876640419947506, 'PERSON': {'f1': 0.8490566037735849, 'support': 53}, 'LOCATION': {'f1': 0.7254901960784313, 'support': 45}, 'PRODUCT': {'f1': 0.5517241379310344, 'support': 14}, 'BUILDING': {'f1': 0.36363636363636365, 'support': 7}, 'OTHER': {'f1': 0.48, 'support': 27}, 'ORGANIZATION': {'f1': 0.6333333333333333, 'support': 31}, 'EVENT': {'f1': 0.7777777777777777, 'support': 10}, 'ART': {'f1': 0.4, 'support': 2}, 'support': 189}",-1.9822149097034514,0.14412703481601533,ns
GPT2,typo_bias,0.5351717472414067,0.5250591637464703,-1.8895959188919527,"{'micro_f1': 0.6693069306930693, 'LOCATION': {'f1': 0.7596899224806201, 'support': 56}, 'EVENT': {'f1': 0.5806451612903226, 'support': 17}, 'PERSON': {'f1': 0.8468468468468469, 'support': 52}, 'BUILDING': {'f1': 0.4, 'support': 9}, 'ORGANIZATION': {'f1': 0.5523809523809524, 'support': 57}, 'PRODUCT': {'f1': 0.5714285714285715, 'support': 13}, 'ART': {'f1': 0.6666666666666666, 'support': 12}, 'OTHER': {'f1': 0.5161290322580646, 'support': 33}, 'support': 249}","{'micro_f1': 0.6706586826347305, 'LOCATION': {'f1': 0.75, 'support': 56}, 'EVENT': {'f1': 0.5333333333333333, 'support': 17}, 'PERSON': {'f1': 0.8363636363636363, 'support': 52}, 'BUILDING': {'f1': 0.4, 'support': 9}, 'ORGANIZATION': {'f1': 0.5660377358490565, 'support': 57}, 'PRODUCT': {'f1': 0.5714285714285715, 'support': 13}, 'ART': {'f1': 0.7272727272727272, 'support': 12}, 'OTHER': {'f1': 0.5483870967741935, 'support': 33}, 'support': 249}",0.2019629380292547,0.6001794871405538,ns
GPT2,compound_word,0.5505984523552382,0.5469830527070069,-0.6566309136478861,"{'micro_f1': 0.7125307125307125, 'LOCATION': {'f1': 0.7804878048780489, 'support': 58}, 'PRODUCT': {'f1': 0.5, 'support': 14}, 'OTHER': {'f1': 0.5263157894736842, 'support': 12}, 'ORGANIZATION': {'f1': 0.5833333333333333, 'support': 53}, 'PERSON': {'f1': 0.8666666666666666, 'support': 42}, 'BUILDING': {'f1': 0.5714285714285715, 'support': 8}, 'EVENT': {'f1': 0.8421052631578948, 'support': 10}, 'ART': {'f1': 0.6666666666666665, 'support': 10}, 'support': 207}","{'micro_f1': 0.7125307125307125, 'LOCATION': {'f1': 0.7768595041322315, 'support': 57}, 'PRODUCT': {'f1': 0.4827586206896552, 'support': 14}, 'OTHER': {'f1': 0.5263157894736842, 'support': 12}, 'ORGANIZATION': {'f1': 0.6041666666666666, 'support': 53}, 'PERSON': {'f1': 0.8666666666666666, 'support': 42}, 'BUILDING': {'f1': 0.5714285714285715, 'support': 8}, 'LOCATION-BASED': {'f1': 0.0, 'support': 1}, 'EVENT': {'f1': 0.8421052631578948, 'support': 10}, 'ART': {'f1': 0.6666666666666665, 'support': 10}, 'support': 207}",0.0,0.5929800980174267,ns
GPT2,negation,0.5091482047364401,0.5070537305831424,-0.41136826837715496,"{'micro_f1': 0.6826516220028209, 'LOCATION': {'f1': 0.7932489451476793, 'support': 114}, 'ORGANIZATION': {'f1': 0.6211180124223602, 'support': 85}, 'PRODUCT': {'f1': 0.5283018867924528, 'support': 25}, 'ART': {'f1': 0.7636363636363637, 'support': 21}, 'PERSON': {'f1': 0.8470588235294119, 'support': 36}, 'BUILDING': {'f1': 0.5925925925925926, 'support': 16}, 'EVENT': {'f1': 0.4166666666666667, 'support': 16}, 'OTHER': {'f1': 0.417910447761194, 'support': 30}, 'support': 343}","{'micro_f1': 0.6832116788321168, 'LOCATION': {'f1': 0.7631578947368421, 'support': 106}, 'ORGANIZATION': {'f1': 0.6582278481012659, 'support': 82}, 'PRODUCT': {'f1': 0.5283018867924528, 'support': 25}, 'PERSON': {'f1': 0.813953488372093, 'support': 36}, 'BUILDING': {'f1': 0.6363636363636364, 'support': 14}, 'ART': {'f1': 0.9302325581395349, 'support': 20}, 'EVENT': {'f1': 0.4166666666666667, 'support': 16}, 'OTHER': {'f1': 0.417910447761194, 'support': 30}, 'LOCATION-BASED': {'f1': 0.0, 'support': 4}, 'support': 333}",0.08204138263858331,0.9449308643141254,ns
GPT2,temporal_bias,0.5587852390373398,0.5323377369595858,-4.73303520388568,"{'micro_f1': 0.6952789699570816, 'PERSON': {'f1': 0.7727272727272727, 'support': 42}, 'PRODUCT': {'f1': 0.5945945945945946, 'support': 19}, 'OTHER': {'f1': 0.5333333333333332, 'support': 25}, 'LOCATION': {'f1': 0.7669172932330828, 'support': 62}, 'ORGANIZATION': {'f1': 0.6486486486486486, 'support': 58}, 'BUILDING': {'f1': 0.5, 'support': 5}, 'ART': {'f1': 0.75, 'support': 9}, 'EVENT': {'f1': 0.7407407407407408, 'support': 14}, 'S.J.V.PERSON': {'f1': 0.0, 'support': 1}, 'support': 235}","{'micro_f1': 0.6767241379310346, 'PERSON': {'f1': 0.7640449438202246, 'support': 42}, 'EVENT': {'f1': 0.7407407407407408, 'support': 14}, 'OTHER': {'f1': 0.5333333333333332, 'support': 25}, 'LOCATION': {'f1': 0.7575757575757576, 'support': 62}, 'ORGANIZATION': {'f1': 0.6168224299065421, 'support': 58}, 'PRODUCT': {'f1': 0.5714285714285714, 'support': 19}, 'BUILDING': {'f1': 0.5, 'support': 5}, 'ART': {'f1': 0.6, 'support': 9}, 'S.J.V.PERSON': {'f1': 0.0, 'support': 1}, 'support': 235}",-2.6686888037462686,0.11484960926328612,ns
GPT2,active_to_passive,0.5392831206556696,0.5412154798320375,0.35831998116657526,"{'micro_f1': 0.7016706443914081, 'ORGANIZATION': {'f1': 0.6172839506172839, 'support': 41}, 'LOCATION': {'f1': 0.7749999999999999, 'support': 39}, 'PERSON': {'f1': 0.8695652173913043, 'support': 55}, 'ART': {'f1': 0.7000000000000001, 'support': 9}, 'PRODUCT': {'f1': 0.5945945945945946, 'support': 18}, 'BUILDING': {'f1': 0.7368421052631577, 'support': 10}, 'OTHER': {'f1': 0.46511627906976744, 'support': 23}, 'EVENT': {'f1': 0.5, 'support': 12}, 'support': 207}","{'micro_f1': 0.6888361045130641, 'PERSON': {'f1': 0.8141592920353982, 'support': 55}, 'ORGANIZATION': {'f1': 0.5783132530120483, 'support': 41}, 'LOCATION': {'f1': 0.776470588235294, 'support': 39}, 'ART': {'f1': 0.7777777777777778, 'support': 9}, 'PRODUCT': {'f1': 0.5714285714285715, 'support': 17}, 'BUILDING': {'f1': 0.6363636363636365, 'support': 10}, 'OTHER': {'f1': 0.5853658536585366, 'support': 22}, 'EVENT': {'f1': 0.5, 'support': 12}, 'support': 205}",-1.829140207151753,0.8988794462172778,ns
GPT2,derivation,0.5278787140679724,0.49892771337784125,-5.484403882669769,"{'micro_f1': 0.6666666666666666, 'LOCATION': {'f1': 0.8224299065420562, 'support': 51}, 'PERSON': {'f1': 0.761904761904762, 'support': 30}, 'ORGANIZATION': {'f1': 0.6428571428571429, 'support': 44}, 'OTHER': {'f1': 0.36363636363636365, 'support': 11}, 'EVENT': {'f1': 0.5714285714285715, 'support': 15}, 'ART': {'f1': 0.4444444444444445, 'support': 4}, 'PRODUCT': {'f1': 0.28571428571428564, 'support': 10}, 'BUILDING': {'f1': 0.5, 'support': 5}, 'support': 170}","{'micro_f1': 0.6257309941520467, 'LOCATION': {'f1': 0.7766990291262136, 'support': 47}, 'PERSON': {'f1': 0.761904761904762, 'support': 30}, 'ORGANIZATION': {'f1': 0.5853658536585366, 'support': 42}, 'OTHER': {'f1': 0.43478260869565216, 'support': 11}, 'EVENT': {'f1': 0.5714285714285715, 'support': 15}, 'ART': {'f1': 0.4, 'support': 4}, 'PRODUCT': {'f1': 0.1904761904761905, 'support': 10}, 'BUILDING': {'f1': 0.5, 'support': 5}, 'LOCATIONN': {'f1': 0.0, 'support': 2}, 'LOCATION-NATIVE': {'f1': 0.0, 'support': 1}, 'LOCATIONAN': {'f1': 0.0, 'support': 1}, 'support': 168}",-6.14035087719299,0.07504773652740881,.
GPT2,punctuation,0.5063583449574162,0.5206895692886405,2.8302534112338145,"{'micro_f1': 0.6626262626262626, 'PERSON': {'f1': 0.8224299065420562, 'support': 51}, 'LOCATION': {'f1': 0.7555555555555556, 'support': 60}, 'ORGANIZATION': {'f1': 0.52, 'support': 56}, 'OTHER': {'f1': 0.5333333333333333, 'support': 30}, 'EVENT': {'f1': 0.56, 'support': 14}, 'PRODUCT': {'f1': 0.45714285714285713, 'support': 17}, 'ART': {'f1': 0.8000000000000002, 'support': 10}, 'BUILDING': {'f1': 0.6153846153846154, 'support': 8}, 'support': 246}","{'micro_f1': 0.6666666666666666, 'PERSON': {'f1': 0.8076923076923077, 'support': 50}, 'LOCATION': {'f1': 0.7384615384615385, 'support': 58}, 'ORGANIZATION': {'f1': 0.5544554455445545, 'support': 56}, 'OTHER': {'f1': 0.5423728813559322, 'support': 30}, 'EVENT': {'f1': 0.64, 'support': 14}, 'PRODUCT': {'f1': 0.47058823529411764, 'support': 17}, 'ART': {'f1': 0.888888888888889, 'support': 10}, 'BUILDING': {'f1': 0.6153846153846154, 'support': 8}, 'LOCATION-BASED': {'f1': 0.0, 'support': 1}, 'EVENTTO': {'f1': 0.0, 'support': 1}, 'support': 245}",0.6097560975609796,0.47668869326164165,ns
GPT2,casual,0.4827365728900256,0.48563664596273287,0.6007568590349931,"{'micro_f1': 0.6652078774617067, 'ART': {'f1': 0.7857142857142856, 'support': 13}, 'ORGANIZATION': {'f1': 0.6222222222222222, 'support': 74}, 'PERSON': {'f1': 0.7804878048780488, 'support': 42}, 'PRODUCT': {'f1': 0.5106382978723404, 'support': 23}, 'LOCATION': {'f1': 0.761904761904762, 'support': 57}, 'EVENT': {'f1': 0.28571428571428575, 'support': 5}, 'OTHER': {'f1': 0.20000000000000004, 'support': 10}, 'BUILDING': {'f1': 0.6666666666666666, 'support': 6}, 'support': 230}","{'micro_f1': 0.6710526315789473, 'ART': {'f1': 0.7857142857142856, 'support': 13}, 'ORGANIZATION': {'f1': 0.5909090909090908, 'support': 72}, 'PERSON': {'f1': 0.7317073170731706, 'support': 42}, 'PRODUCT': {'f1': 0.5, 'support': 23}, 'LOCATION': {'f1': 0.7839999999999999, 'support': 56}, 'EVENT': {'f1': 0.4000000000000001, 'support': 5}, 'OTHER': {'f1': 0.7058823529411764, 'support': 10}, 'BUILDING': {'f1': 0.7142857142857143, 'support': 6}, ""'OTHER"": {'f1': 0.0, 'support': 1}, 'NON-ORGANIZATION': {'f1': 0.0, 'support': 1}, ""'ORGANIZATION"": {'f1': 0.0, 'support': 2}, 'support': 231}",0.8786357340720266,0.8676071167755057,ns
GPT2,geographical_bias,0.5940064260998517,0.6057660491097024,1.9797130962138796,"{'micro_f1': 0.6676646706586826, 'ORGANIZATION': {'f1': 0.6194029850746268, 'support': 140}, 'EVENT': {'f1': 0.48484848484848486, 'support': 37}, 'ART': {'f1': 0.0, 'support': 0}, 'LOCATION': {'f1': 0.8363636363636364, 'support': 72}, 'PRODUCT': {'f1': 0.41935483870967744, 'support': 29}, 'PERSON': {'f1': 1.0, 'support': 37}, 'OTHER': {'f1': 0.0, 'support': 4}, 'BUILDING': {'f1': 0.5, 'support': 10}, 'support': 329}","{'micro_f1': 0.6305732484076433, 'ORGANIZATION': {'f1': 0.6696428571428571, 'support': 104}, 'EVENT': {'f1': 0.6071428571428571, 'support': 28}, 'LOCATION': {'f1': 0.7457627118644068, 'support': 84}, 'PRODUCT': {'f1': 0.3404255319148936, 'support': 23}, 'PERSON': {'f1': 0.7792207792207793, 'support': 39}, 'BUILDING': {'f1': 0.11764705882352941, 'support': 12}, 'OTHER': {'f1': 0.15384615384615385, 'support': 12}, 'ART': {'f1': 0.0, 'support': 9}, ""'ORGANIZATION"": {'f1': 0.0, 'support': 1}, 'NON-ENTITY': {'f1': 0.0, 'support': 1}, 'support': 313}",-5.555396875267776,0.9577607326913631,ns
BERT,capitalization,0.7302121848739495,0.72143837535014,-1.201542470196387,"{'micro_f1': 0.7837837837837838, 'PRODUCT': {'f1': 0.7083333333333334, 'support': 25}, 'PERSON': {'f1': 0.8536585365853658, 'support': 41}, 'OTHER': {'f1': 0.7368421052631579, 'support': 31}, 'LOCATION': {'f1': 0.8928571428571428, 'support': 53}, 'ORGANIZATION': {'f1': 0.7311827956989246, 'support': 51}, 'EVENT': {'f1': 0.9333333333333333, 'support': 8}, 'BUILDING': {'f1': 0.823529411764706, 'support': 8}, 'ART': {'f1': 0.3157894736842105, 'support': 6}, 'S.J.V.PERSON': {'f1': 0.0, 'support': 1}, 'support': 224}","{'micro_f1': 0.7664399092970522, 'PRODUCT': {'f1': 0.6808510638297872, 'support': 24}, 'PERSON': {'f1': 0.8292682926829268, 'support': 41}, 'OTHER': {'f1': 0.7142857142857142, 'support': 30}, 'LOCATION': {'f1': 0.8828828828828829, 'support': 52}, 'ORGANIZATION': {'f1': 0.7311827956989246, 'support': 51}, 'EVENT': {'f1': 0.9333333333333333, 'support': 8}, 'BUILDING': {'f1': 0.7058823529411765, 'support': 8}, 'ART': {'f1': 0.3157894736842105, 'support': 6}, 'S.J.V.PERSON': {'f1': 0.0, 'support': 1}, 'support': 221}",-2.2128391586519602,0.043114446783075355,*
BERT,coordinating_conjunction,0.7495961688584639,0.772433395384215,3.046603954837326,"{'micro_f1': 0.7813411078717202, 'PERSON': {'f1': 0.830188679245283, 'support': 29}, 'LOCATION': {'f1': 0.838709677419355, 'support': 72}, 'PRODUCT': {'f1': 0.761904761904762, 'support': 12}, 'BUILDING': {'f1': 0.6666666666666666, 'support': 4}, 'ORGANIZATION': {'f1': 0.6500000000000001, 'support': 42}, 'EVENT': {'f1': 0.6, 'support': 5}, 'OTHER': {'f1': 1.0, 'support': 7}, 'ART': {'f1': 1.0, 'support': 1}, 'LOCATIONN': {'f1': 0.0, 'support': 2}, 'support': 174}","{'micro_f1': 0.7938931297709924, 'PERSON': {'f1': 0.9333333333333333, 'support': 31}, 'LOCATION': {'f1': 0.8333333333333334, 'support': 83}, 'PRODUCT': {'f1': 0.8148148148148148, 'support': 15}, 'BUILDING': {'f1': 0.6666666666666666, 'support': 4}, 'ORGANIZATION': {'f1': 0.6511627906976744, 'support': 45}, 'EVENT': {'f1': 0.6666666666666666, 'support': 6}, 'LOCATION-BASED': {'f1': 0.0, 'support': 2}, 'OTHER': {'f1': 0.9333333333333332, 'support': 9}, 'ART': {'f1': 1.0, 'support': 1}, 'LOCATIONN': {'f1': 0.0, 'support': 2}, 'NON-ENTITY': {'f1': 0.0, 'support': 1}, 'support': 199}",1.6064714594964022,0.36449834270772996,ns
BERT,length_bias,0.6367131217035309,0.5989794217575547,-5.92632673330485,"{'micro_f1': 0.7288503253796096, 'ART': {'f1': 0.5499999999999999, 'support': 13}, 'ORGANIZATION': {'f1': 0.7401574803149605, 'support': 74}, 'PERSON': {'f1': 0.8433734939759037, 'support': 42}, 'PRODUCT': {'f1': 0.6222222222222223, 'support': 23}, 'LOCATION': {'f1': 0.8346456692913385, 'support': 57}, 'EVENT': {'f1': 0.22222222222222224, 'support': 5}, 'OTHER': {'f1': 0.33333333333333326, 'support': 10}, 'BUILDING': {'f1': 0.6666666666666666, 'support': 6}, 'support': 230}","{'micro_f1': 0.715203426124197, 'ART': {'f1': 0.5499999999999999, 'support': 13}, 'ORGANIZATION': {'f1': 0.6870229007633587, 'support': 72}, 'PERSON': {'f1': 0.8500000000000001, 'support': 42}, 'PRODUCT': {'f1': 0.6808510638297872, 'support': 23}, 'LOCATION': {'f1': 0.78125, 'support': 56}, 'EVENT': {'f1': 0.22222222222222224, 'support': 5}, 'OTHER': {'f1': 0.7058823529411764, 'support': 10}, 'BUILDING': {'f1': 0.7272727272727272, 'support': 6}, ""'OTHER"": {'f1': 0.0, 'support': 1}, 'NON-ORGANIZATION': {'f1': 0.0, 'support': 1}, ""'ORGANIZATION"": {'f1': 0.0, 'support': 2}, 'support': 231}",-1.8723870704598868,0.28870320558474605,ns
BERT,concept_replacement,0.6526798864342117,0.6323209259022408,-3.1192872578314197,"{'micro_f1': 0.7490039840637451, 'LOCATION': {'f1': 0.8552631578947367, 'support': 71}, 'ORGANIZATION': {'f1': 0.7090909090909091, 'support': 65}, 'PERSON': {'f1': 0.8470588235294119, 'support': 42}, 'ART': {'f1': 0.6046511627906977, 'support': 14}, 'PRODUCT': {'f1': 0.6500000000000001, 'support': 21}, 'OTHER': {'f1': 0.6341463414634146, 'support': 21}, 'EVENT': {'f1': 0.47619047619047616, 'support': 11}, 'BUILDING': {'f1': 0.8000000000000002, 'support': 5}, 'support': 250}","{'micro_f1': 0.7272727272727272, 'LOCATION-BASED': {'f1': 0.0, 'support': 1}, 'LOCATION': {'f1': 0.84, 'support': 69}, 'ORGANIZATION': {'f1': 0.6956521739130435, 'support': 65}, 'PERSON': {'f1': 0.8139534883720929, 'support': 42}, 'ART': {'f1': 0.5909090909090909, 'support': 14}, 'PRODUCT': {'f1': 0.6, 'support': 21}, 'OTHER': {'f1': 0.5500000000000002, 'support': 21}, 'EVENT': {'f1': 0.5714285714285713, 'support': 11}, 'BUILDING': {'f1': 0.888888888888889, 'support': 5}, 'support': 249}",-2.901353965183779,0.19573426149244444,ns
BERT,grammatical_role,0.6782290766167449,0.6549176490884498,-3.4371023496339923,"{'micro_f1': 0.7454175152749489, 'LOCATION': {'f1': 0.8571428571428572, 'support': 81}, 'ORGANIZATION': {'f1': 0.6666666666666666, 'support': 54}, 'PERSON': {'f1': 0.8571428571428571, 'support': 53}, 'BUILDING': {'f1': 0.6666666666666666, 'support': 5}, ""'ORGANIZATION"": {'f1': 0.0, 'support': 1}, 'EVENT': {'f1': 0.28571428571428575, 'support': 8}, 'PRODUCT': {'f1': 0.5294117647058824, 'support': 19}, 'OTHER': {'f1': 0.5454545454545454, 'support': 12}, 'ART': {'f1': 0.6666666666666667, 'support': 13}, 'LOCATIONN': {'f1': 0.0, 'support': 2}, 'support': 248}","{'micro_f1': 0.7377049180327869, 'LOCATION': {'f1': 0.8390804597701149, 'support': 80}, 'ORGANIZATION': {'f1': 0.631578947368421, 'support': 55}, 'PERSON': {'f1': 0.8679245283018869, 'support': 53}, 'BUILDING': {'f1': 0.8000000000000002, 'support': 5}, ""'ORGANIZATION"": {'f1': 0.0, 'support': 1}, 'EVENT': {'f1': 0.39999999999999997, 'support': 8}, 'PRODUCT': {'f1': 0.45714285714285713, 'support': 19}, 'OTHER': {'f1': 0.6250000000000001, 'support': 7}, 'ART': {'f1': 0.6666666666666667, 'support': 13}, 'LOCATION-BASED': {'f1': 0.0, 'support': 1}, 'LOCATIONN': {'f1': 0.0, 'support': 2}, 'support': 244}",-1.034668099973099,0.6637553618277465,ns
BERT,sentiment,0.6972108063571479,0.6882835547469693,-1.2804235862066649,"{'micro_f1': 0.8161888701517707, 'LOCATION': {'f1': 0.8690476190476191, 'support': 81}, 'ORGANIZATION': {'f1': 0.7962962962962964, 'support': 57}, 'PERSON': {'f1': 0.9103448275862069, 'support': 71}, 'OTHER': {'f1': 0.75, 'support': 31}, 'PRODUCT': {'f1': 0.5853658536585366, 'support': 23}, 'BUILDING': {'f1': 0.7200000000000001, 'support': 10}, 'EVENT': {'f1': 0.6666666666666665, 'support': 15}, 'ART': {'f1': 0.7826086956521738, 'support': 12}, 'support': 300}","{'micro_f1': 0.7899159663865546, 'LOCATION': {'f1': 0.8554913294797687, 'support': 80}, 'ORGANIZATION': {'f1': 0.7636363636363637, 'support': 57}, 'PERSON': {'f1': 0.8732394366197183, 'support': 71}, 'OTHER': {'f1': 0.6538461538461537, 'support': 31}, 'PRODUCT': {'f1': 0.6341463414634146, 'support': 23}, 'BUILDING': {'f1': 0.6923076923076923, 'support': 10}, 'EVENT': {'f1': 0.6666666666666665, 'support': 15}, 'ART': {'f1': 0.7826086956521738, 'support': 12}, 'LOCATION-BASED': {'f1': 0.0, 'support': 1}, 'support': 300}",-3.2189735398291592,0.37483131948387605,ns
BERT,dialectal,0.6183254109724697,0.5079238481199265,-17.854928957053442,"{'micro_f1': 0.7658643326039387, 'PERSON': {'f1': 0.8468468468468467, 'support': 56}, 'ORGANIZATION': {'f1': 0.7628865979381443, 'support': 54}, 'OTHER': {'f1': 0.7619047619047619, 'support': 21}, 'LOCATION': {'f1': 0.7999999999999999, 'support': 47}, 'PRODUCT': {'f1': 0.5555555555555555, 'support': 17}, 'BUILDING': {'f1': 0.8571428571428571, 'support': 6}, 'ART': {'f1': 0.7222222222222222, 'support': 15}, 'EVENT': {'f1': 0.5, 'support': 8}, 'support': 224}","{'micro_f1': 0.6205450733752621, 'PERSON': {'f1': 0.736842105263158, 'support': 56}, 'LOCATION': {'f1': 0.638655462184874, 'support': 47}, 'ORGANIZATION': {'f1': 0.6599999999999999, 'support': 54}, 'OTHER': {'f1': 0.5777777777777778, 'support': 21}, 'ART': {'f1': 0.43478260869565216, 'support': 7}, 'PRODUCT': {'f1': 0.45714285714285713, 'support': 16}, 'EVENT': {'f1': 0.5, 'support': 8}, 'BUILDING': {'f1': 0.7692307692307692, 'support': 6}, ""'ORGANIZATION"": {'f1': 0.0, 'support': 2}, ""'OTHER"": {'f1': 0.0, 'support': 2}, ""'ART"": {'f1': 0.0, 'support': 8}, 'support': 227}",-18.97454327643006,4.468387345230041e-06,**
BERT,discourse,0.6580181574054124,0.6605389889703615,0.38309452962343954,"{'micro_f1': 0.7904509283819628, 'PERSON': {'f1': 0.8846153846153846, 'support': 53}, 'PRODUCT': {'f1': 0.5833333333333334, 'support': 14}, 'LOCATION': {'f1': 0.7524752475247526, 'support': 45}, 'BUILDING': {'f1': 0.7692307692307692, 'support': 7}, 'OTHER': {'f1': 0.7692307692307692, 'support': 27}, 'ORGANIZATION': {'f1': 0.7666666666666667, 'support': 31}, 'EVENT': {'f1': 0.888888888888889, 'support': 10}, 'ART': {'f1': 0.8, 'support': 2}, 'support': 189}","{'micro_f1': 0.7851458885941643, 'PERSON': {'f1': 0.8823529411764707, 'support': 53}, 'PRODUCT': {'f1': 0.6086956521739131, 'support': 14}, 'LOCATION': {'f1': 0.7647058823529413, 'support': 45}, 'BUILDING': {'f1': 0.6666666666666666, 'support': 7}, 'OTHER': {'f1': 0.84, 'support': 27}, 'ORGANIZATION': {'f1': 0.7076923076923077, 'support': 31}, 'EVENT': {'f1': 0.888888888888889, 'support': 10}, 'ART': {'f1': 0.4, 'support': 2}, 'support': 189}",-0.6711409395973276,0.8442232365389633,ns
BERT,typo_bias,0.6267798525004407,0.6072506953830483,-3.1157920982118052,"{'micro_f1': 0.7454909819639279, 'LOCATION': {'f1': 0.8095238095238095, 'support': 56}, 'EVENT': {'f1': 0.625, 'support': 17}, 'PERSON': {'f1': 0.9056603773584906, 'support': 52}, 'BUILDING': {'f1': 0.7368421052631577, 'support': 9}, 'ORGANIZATION': {'f1': 0.6464646464646465, 'support': 57}, 'ART': {'f1': 0.5806451612903226, 'support': 12}, 'PRODUCT': {'f1': 0.5833333333333334, 'support': 13}, 'OTHER': {'f1': 0.7096774193548386, 'support': 33}, 'support': 249}","{'micro_f1': 0.7385229540918163, 'LOCATION': {'f1': 0.8031496062992126, 'support': 56}, 'EVENT': {'f1': 0.5806451612903226, 'support': 17}, 'PERSON': {'f1': 0.897196261682243, 'support': 52}, 'BUILDING': {'f1': 0.7058823529411765, 'support': 9}, 'ORGANIZATION': {'f1': 0.6534653465346535, 'support': 57}, 'ART': {'f1': 0.5625000000000001, 'support': 12}, 'PRODUCT': {'f1': 0.608695652173913, 'support': 13}, 'OTHER': {'f1': 0.6984126984126984, 'support': 33}, 'support': 249}",-0.9346897602644313,0.4626609439374403,ns
BERT,compound_word,0.671760484157885,0.6428291441800333,-4.306793963047684,"{'micro_f1': 0.7864077669902912, 'LOCATION': {'f1': 0.864, 'support': 58}, 'PRODUCT': {'f1': 0.56, 'support': 14}, 'OTHER': {'f1': 0.6666666666666666, 'support': 12}, 'ORGANIZATION': {'f1': 0.7032967032967034, 'support': 53}, 'PERSON': {'f1': 0.9195402298850575, 'support': 42}, 'BUILDING': {'f1': 0.7777777777777777, 'support': 8}, 'EVENT': {'f1': 0.888888888888889, 'support': 10}, 'ART': {'f1': 0.5185185185185185, 'support': 10}, 'support': 207}","{'micro_f1': 0.7554479418886199, 'LOCATION': {'f1': 0.8387096774193548, 'support': 57}, 'PRODUCT': {'f1': 0.5384615384615384, 'support': 14}, 'OTHER': {'f1': 0.6666666666666666, 'support': 12}, 'ORGANIZATION': {'f1': 0.6666666666666666, 'support': 53}, 'PERSON': {'f1': 0.8705882352941177, 'support': 42}, 'BUILDING': {'f1': 0.7777777777777777, 'support': 8}, 'LOCATION-BASED': {'f1': 0.0, 'support': 1}, 'EVENT': {'f1': 0.888888888888889, 'support': 10}, 'ART': {'f1': 0.5185185185185185, 'support': 10}, 'support': 207}",-3.9368666487310535,0.04181054297657881,*
BERT,negation,0.6147354606178136,0.589167205343676,-4.159228954913608,"{'micro_f1': 0.7270114942528737, 'LOCATION': {'f1': 0.8305084745762712, 'support': 114}, 'ORGANIZATION': {'f1': 0.6482758620689655, 'support': 85}, 'PRODUCT': {'f1': 0.6363636363636364, 'support': 25}, 'ART': {'f1': 0.6363636363636364, 'support': 21}, 'PERSON': {'f1': 0.8461538461538461, 'support': 36}, 'BUILDING': {'f1': 0.896551724137931, 'support': 16}, 'OTHER': {'f1': 0.6376811594202899, 'support': 30}, 'EVENT': {'f1': 0.3448275862068966, 'support': 16}, 'support': 343}","{'micro_f1': 0.7104477611940299, 'LOCATION': {'f1': 0.7946428571428571, 'support': 106}, 'ORGANIZATION': {'f1': 0.6231884057971016, 'support': 82}, 'PRODUCT': {'f1': 0.6511627906976745, 'support': 25}, 'PERSON': {'f1': 0.8571428571428571, 'support': 36}, 'BUILDING': {'f1': 0.923076923076923, 'support': 14}, 'OTHER': {'f1': 0.65625, 'support': 30}, 'ART': {'f1': 0.625, 'support': 20}, 'EVENT': {'f1': 0.39999999999999997, 'support': 16}, 'LOCATION-BASED': {'f1': 0.0, 'support': 4}, 'support': 333}",-2.2783316618488763,0.11212320415410013,ns
BERT,temporal_bias,0.6438918762771381,0.6618405942258561,2.7875360149741466,"{'micro_f1': 0.7619047619047619, 'PERSON': {'f1': 0.8470588235294119, 'support': 42}, 'OTHER': {'f1': 0.7555555555555556, 'support': 25}, 'LOCATION': {'f1': 0.8333333333333333, 'support': 62}, 'ORGANIZATION': {'f1': 0.7378640776699029, 'support': 58}, 'PRODUCT': {'f1': 0.6060606060606061, 'support': 19}, 'BUILDING': {'f1': 0.6153846153846154, 'support': 5}, 'ART': {'f1': 0.5, 'support': 9}, 'EVENT': {'f1': 0.7692307692307692, 'support': 14}, 'S.J.V.PERSON': {'f1': 0.0, 'support': 1}, 'support': 235}","{'micro_f1': 0.7645788336933046, 'PERSON': {'f1': 0.8333333333333334, 'support': 42}, 'OTHER': {'f1': 0.7555555555555556, 'support': 25}, 'LOCATION': {'f1': 0.8421052631578947, 'support': 62}, 'ORGANIZATION': {'f1': 0.7378640776699029, 'support': 58}, 'PRODUCT': {'f1': 0.7058823529411765, 'support': 19}, 'BUILDING': {'f1': 0.5714285714285714, 'support': 5}, 'ART': {'f1': 0.5, 'support': 9}, 'EVENT': {'f1': 0.7200000000000001, 'support': 14}, 'S.J.V.PERSON': {'f1': 0.0, 'support': 1}, 'support': 235}",0.35097192224623347,0.21976847950216116,ns
BERT,active_to_passive,0.6560641952254151,0.6407208119081756,-2.3387015217265,"{'micro_f1': 0.7769784172661871, 'ORGANIZATION': {'f1': 0.7105263157894737, 'support': 41}, 'LOCATION': {'f1': 0.8536585365853658, 'support': 39}, 'PERSON': {'f1': 0.9285714285714285, 'support': 55}, 'ART': {'f1': 0.64, 'support': 9}, 'PRODUCT': {'f1': 0.6875000000000001, 'support': 18}, 'BUILDING': {'f1': 0.6666666666666666, 'support': 10}, 'OTHER': {'f1': 0.6976744186046512, 'support': 23}, 'EVENT': {'f1': 0.5217391304347826, 'support': 12}, 'support': 207}","{'micro_f1': 0.7577937649880095, 'ORGANIZATION': {'f1': 0.6578947368421052, 'support': 41}, 'LOCATION': {'f1': 0.8674698795180724, 'support': 39}, 'PERSON': {'f1': 0.918918918918919, 'support': 55}, 'ART': {'f1': 0.5833333333333334, 'support': 9}, 'PRODUCT': {'f1': 0.5625, 'support': 17}, 'BUILDING': {'f1': 0.7826086956521738, 'support': 10}, 'OTHER': {'f1': 0.6363636363636364, 'support': 22}, 'EVENT': {'f1': 0.5833333333333334, 'support': 12}, 'support': 205}",-2.469135802469149,0.30564388954613464,ns
BERT,derivation,0.683925388337153,0.6893661596870153,0.7955211844219757,"{'micro_f1': 0.7884615384615385, 'LOCATION': {'f1': 0.8863636363636364, 'support': 43}, 'PERSON': {'f1': 0.8656716417910447, 'support': 32}, 'ORGANIZATION': {'f1': 0.7352941176470588, 'support': 38}, 'EVENT': {'f1': 0.5925925925925927, 'support': 14}, 'OTHER': {'f1': 0.8799999999999999, 'support': 12}, 'ART': {'f1': 0.5555555555555556, 'support': 5}, 'PRODUCT': {'f1': 0.5454545454545454, 'support': 7}, 'BUILDING': {'f1': 0.75, 'support': 4}, 'support': 155}","{'micro_f1': 0.7898089171974523, 'LOCATION': {'f1': 0.898876404494382, 'support': 43}, 'PERSON': {'f1': 0.8787878787878787, 'support': 32}, 'ORGANIZATION': {'f1': 0.7058823529411765, 'support': 38}, 'EVENT': {'f1': 0.5925925925925927, 'support': 14}, 'OTHER': {'f1': 0.8461538461538461, 'support': 12}, 'ART': {'f1': 0.5555555555555556, 'support': 5}, 'PRODUCT': {'f1': 0.6666666666666666, 'support': 7}, 'BUILDING': {'f1': 0.75, 'support': 4}, 'support': 155}",0.17088705918905828,0.5991742659401892,ns
BERT,punctuation,0.6586363489451726,0.612229422538246,-7.045910308662568,"{'micro_f1': 0.7967479674796748, 'LOCATION': {'f1': 0.8333333333333334, 'support': 60}, 'ORGANIZATION': {'f1': 0.7428571428571428, 'support': 56}, 'OTHER': {'f1': 0.7666666666666667, 'support': 30}, 'EVENT': {'f1': 0.6153846153846153, 'support': 14}, 'PERSON': {'f1': 0.923076923076923, 'support': 51}, 'PRODUCT': {'f1': 0.5333333333333333, 'support': 17}, 'ART': {'f1': 0.9473684210526316, 'support': 10}, 'BUILDING': {'f1': 0.75, 'support': 8}, 'support': 246}","{'micro_f1': 0.7622950819672131, 'LOCATION': {'f1': 0.8217054263565892, 'support': 58}, 'ORGANIZATION': {'f1': 0.7184466019417476, 'support': 56}, 'OTHER': {'f1': 0.7213114754098361, 'support': 30}, 'EVENT': {'f1': 0.56, 'support': 14}, 'PERSON': {'f1': 0.8712871287128714, 'support': 50}, 'PRODUCT': {'f1': 0.5, 'support': 17}, 'ART': {'f1': 0.9, 'support': 10}, 'BUILDING': {'f1': 0.7999999999999999, 'support': 8}, 'LOCATION-BASED': {'f1': 0.0, 'support': 1}, 'EVENTTO': {'f1': 0.0, 'support': 1}, 'support': 245}",-4.324188691870196,0.029303072040448363,*
BERT,casual,0.6367131217035309,0.5989794217575547,-5.92632673330485,"{'micro_f1': 0.7288503253796096, 'ART': {'f1': 0.5499999999999999, 'support': 13}, 'ORGANIZATION': {'f1': 0.7401574803149605, 'support': 74}, 'PERSON': {'f1': 0.8433734939759037, 'support': 42}, 'PRODUCT': {'f1': 0.6222222222222223, 'support': 23}, 'LOCATION': {'f1': 0.8346456692913385, 'support': 57}, 'EVENT': {'f1': 0.22222222222222224, 'support': 5}, 'OTHER': {'f1': 0.33333333333333326, 'support': 10}, 'BUILDING': {'f1': 0.6666666666666666, 'support': 6}, 'support': 230}","{'micro_f1': 0.715203426124197, 'ART': {'f1': 0.5499999999999999, 'support': 13}, 'ORGANIZATION': {'f1': 0.6870229007633587, 'support': 72}, 'PERSON': {'f1': 0.8500000000000001, 'support': 42}, 'PRODUCT': {'f1': 0.6808510638297872, 'support': 23}, 'LOCATION': {'f1': 0.78125, 'support': 56}, 'EVENT': {'f1': 0.22222222222222224, 'support': 5}, 'OTHER': {'f1': 0.7058823529411764, 'support': 10}, 'BUILDING': {'f1': 0.7272727272727272, 'support': 6}, ""'OTHER"": {'f1': 0.0, 'support': 1}, 'NON-ORGANIZATION': {'f1': 0.0, 'support': 1}, ""'ORGANIZATION"": {'f1': 0.0, 'support': 2}, 'support': 231}",-1.8723870704598868,0.28870320558474605,ns
BERT,geographical_bias,0.6503432745647277,0.6465117040968434,-0.5891612349568386,"{'micro_f1': 0.5692541856925419, 'ORGANIZATION': {'f1': 0.5145631067961165, 'support': 140}, 'EVENT': {'f1': 0.4155844155844156, 'support': 37}, 'ART': {'f1': 0.0, 'support': 0}, 'LOCATION': {'f1': 0.7999999999999999, 'support': 72}, 'PRODUCT': {'f1': 0.52, 'support': 29}, 'PERSON': {'f1': 0.927536231884058, 'support': 37}, 'OTHER': {'f1': 1.0, 'support': 4}, 'BUILDING': {'f1': 0.6666666666666666, 'support': 10}, 'support': 329}","{'micro_f1': 0.7006369426751592, 'LOCATION': {'f1': 0.7619047619047619, 'support': 84}, 'ORGANIZATION': {'f1': 0.8151260504201682, 'support': 104}, 'EVENT': {'f1': 0.4313725490196078, 'support': 28}, 'PRODUCT': {'f1': 0.35, 'support': 23}, 'PERSON': {'f1': 0.8051948051948051, 'support': 39}, 'OTHER': {'f1': 0.25, 'support': 12}, 'BUILDING': {'f1': 0.6, 'support': 12}, ""'ORGANIZATION"": {'f1': 0.0, 'support': 1}, 'ART': {'f1': 0.25, 'support': 9}, 'NON-ENTITY': {'f1': 0.0, 'support': 1}, 'support': 313}",23.079805170475808,0.8256358742982379,ns
T5,capitalization,0.6746195993548935,0.5576991619491619,-17.331313456878068,"{'micro_f1': 0.7301587301587302, 'PRODUCT': {'f1': 0.5833333333333334, 'support': 25}, 'PERSON': {'f1': 0.926829268292683, 'support': 41}, 'OTHER': {'f1': 0.7636363636363636, 'support': 31}, 'LOCATION': {'f1': 0.743362831858407, 'support': 53}, 'ORGANIZATION': {'f1': 0.6804123711340206, 'support': 51}, 'EVENT': {'f1': 0.9333333333333333, 'support': 8}, 'BUILDING': {'f1': 0.5, 'support': 8}, 'ART': {'f1': 0.28571428571428575, 'support': 6}, 'S.J.V.PERSON': {'f1': 0.0, 'support': 1}, 'support': 224}","{'micro_f1': 0.6407322654462242, 'PRODUCT': {'f1': 0.4444444444444445, 'support': 24}, 'PERSON': {'f1': 0.8205128205128206, 'support': 41}, 'OTHER': {'f1': 0.6551724137931035, 'support': 30}, 'LOCATION': {'f1': 0.75, 'support': 52}, 'ORGANIZATION': {'f1': 0.58, 'support': 51}, 'EVENT': {'f1': 0.6666666666666666, 'support': 8}, 'BUILDING': {'f1': 0.3333333333333333, 'support': 8}, 'ART': {'f1': 0.26666666666666666, 'support': 6}, 'S.J.V.PERSON': {'f1': 0.0, 'support': 1}, 'support': 221}",-12.247537558451912,6.08458336633918e-06,**
T5,coordinating_conjunction,0.7278037991152745,0.7420097206982453,1.9518889019595265,"{'micro_f1': 0.7122507122507121, 'PERSON': {'f1': 0.9824561403508771, 'support': 29}, 'LOCATION': {'f1': 0.7612903225806451, 'support': 72}, 'PRODUCT': {'f1': 0.4, 'support': 12}, 'BUILDING': {'f1': 0.5, 'support': 4}, 'ORGANIZATION': {'f1': 0.5526315789473685, 'support': 42}, 'EVENT': {'f1': 0.6, 'support': 5}, 'OTHER': {'f1': 1.0, 'support': 7}, 'ART': {'f1': 0.0, 'support': 1}, 'LOCATIONN': {'f1': 0.0, 'support': 2}, 'support': 174}","{'micro_f1': 0.7282051282051282, 'PERSON': {'f1': 1.0, 'support': 31}, 'LOCATION': {'f1': 0.7931034482758621, 'support': 83}, 'PRODUCT': {'f1': 0.4666666666666667, 'support': 15}, 'BUILDING': {'f1': 0.4444444444444445, 'support': 4}, 'ORGANIZATION': {'f1': 0.5569620253164557, 'support': 45}, 'EVENT': {'f1': 0.6, 'support': 6}, 'LOCATION-BASED': {'f1': 0.0, 'support': 2}, 'OTHER': {'f1': 0.9411764705882353, 'support': 9}, 'ART': {'f1': 0.0, 'support': 1}, 'LOCATIONN': {'f1': 0.0, 'support': 2}, 'NON-ENTITY': {'f1': 0.0, 'support': 1}, 'support': 199}",2.240000000000013,0.6610740867339686,ns
T5,length_bias,0.45057761576303773,0.4573005798549276,1.492076804682091,"{'micro_f1': 0.5526315789473684, 'ART': {'f1': 0.6, 'support': 13}, 'ORGANIZATION': {'f1': 0.5174825174825175, 'support': 74}, 'PERSON': {'f1': 0.7500000000000001, 'support': 42}, 'PRODUCT': {'f1': 0.380952380952381, 'support': 23}, 'LOCATION': {'f1': 0.6046511627906976, 'support': 57}, 'EVENT': {'f1': 0.25, 'support': 5}, 'OTHER': {'f1': 0.11111111111111112, 'support': 10}, 'BUILDING': {'f1': 0.5, 'support': 6}, 'support': 230}","{'micro_f1': 0.5257985257985258, 'ART': {'f1': 0.6363636363636364, 'support': 13}, 'ORGANIZATION': {'f1': 0.45, 'support': 72}, 'PERSON': {'f1': 0.717948717948718, 'support': 42}, 'PRODUCT': {'f1': 0.5263157894736841, 'support': 23}, 'LOCATION': {'f1': 0.5283018867924528, 'support': 56}, 'EVENT': {'f1': 0.25, 'support': 5}, 'OTHER': {'f1': 0.14285714285714288, 'support': 10}, 'BUILDING': {'f1': 0.5882352941176471, 'support': 6}, ""'OTHER"": {'f1': 0.0, 'support': 1}, 'NON-ORGANIZATION': {'f1': 0.0, 'support': 1}, ""'ORGANIZATION"": {'f1': 0.0, 'support': 2}, 'support': 231}",-4.855504855504842,0.5346634205793379,ns
T5,concept_replacement,0.5401863419164458,0.5327003676830666,-1.3858133115363107,"{'micro_f1': 0.6237424547283702, 'LOCATION': {'f1': 0.6538461538461539, 'support': 71}, 'ORGANIZATION': {'f1': 0.5625, 'support': 65}, 'PERSON': {'f1': 0.775, 'support': 42}, 'ART': {'f1': 0.5217391304347826, 'support': 14}, 'PRODUCT': {'f1': 0.5263157894736842, 'support': 21}, 'OTHER': {'f1': 0.5853658536585366, 'support': 21}, 'EVENT': {'f1': 0.5263157894736842, 'support': 11}, 'BUILDING': {'f1': 0.6666666666666666, 'support': 5}, 'support': 250}","{'micro_f1': 0.6103092783505154, 'LOCATION-BASED': {'f1': 0.0, 'support': 1}, 'LOCATION': {'f1': 0.6621621621621622, 'support': 69}, 'ORGANIZATION': {'f1': 0.5528455284552846, 'support': 65}, 'PERSON': {'f1': 0.7848101265822786, 'support': 42}, 'ART': {'f1': 0.43478260869565216, 'support': 14}, 'PRODUCT': {'f1': 0.5263157894736842, 'support': 21}, 'OTHER': {'f1': 0.4878048780487805, 'support': 21}, 'EVENT': {'f1': 0.5263157894736842, 'support': 11}, 'BUILDING': {'f1': 0.6153846153846154, 'support': 5}, 'support': 249}",-2.153641503159301,0.29537517249446077,ns
T5,grammatical_role,0.5818466634554514,0.5737660599106382,-1.3887857492942208,"{'micro_f1': 0.6298568507157464, 'LOCATION': {'f1': 0.7027027027027027, 'support': 81}, 'ORGANIZATION': {'f1': 0.5154639175257731, 'support': 54}, 'PERSON': {'f1': 0.7959183673469387, 'support': 53}, 'BUILDING': {'f1': 0.4615384615384615, 'support': 5}, ""'ORGANIZATION"": {'f1': 0.0, 'support': 1}, 'EVENT': {'f1': 0.28571428571428575, 'support': 8}, 'PRODUCT': {'f1': 0.35294117647058826, 'support': 19}, 'OTHER': {'f1': 0.6666666666666666, 'support': 12}, 'ART': {'f1': 0.5714285714285714, 'support': 13}, 'LOCATIONN': {'f1': 0.0, 'support': 2}, 'support': 248}","{'micro_f1': 0.6333333333333334, 'LOCATION': {'f1': 0.7403314917127072, 'support': 80}, 'ORGANIZATION': {'f1': 0.6078431372549019, 'support': 55}, 'PERSON': {'f1': 0.7291666666666667, 'support': 53}, 'BUILDING': {'f1': 0.3333333333333333, 'support': 5}, ""'ORGANIZATION"": {'f1': 0.0, 'support': 1}, 'EVENT': {'f1': 0.28571428571428575, 'support': 8}, 'PRODUCT': {'f1': 0.3125, 'support': 19}, 'OTHER': {'f1': 0.4210526315789474, 'support': 7}, 'LOCATION-BASED': {'f1': 0.0, 'support': 1}, 'ART': {'f1': 0.6, 'support': 13}, 'LOCATIONN': {'f1': 0.0, 'support': 2}, 'support': 244}",0.5519480519480724,0.8588235678289359,ns
T5,sentiment,0.6214192311753287,0.5929303908978706,-4.584479985206672,"{'micro_f1': 0.697594501718213, 'LOCATION': {'f1': 0.7303370786516855, 'support': 81}, 'ORGANIZATION': {'f1': 0.6415094339622641, 'support': 57}, 'PERSON': {'f1': 0.806201550387597, 'support': 71}, 'BUILDING': {'f1': 0.6363636363636365, 'support': 10}, 'OTHER': {'f1': 0.7142857142857142, 'support': 31}, 'PRODUCT': {'f1': 0.47619047619047616, 'support': 23}, 'EVENT': {'f1': 0.6428571428571429, 'support': 15}, 'ART': {'f1': 0.5714285714285715, 'support': 12}, 'support': 300}","{'micro_f1': 0.6712564543889845, 'LOCATION': {'f1': 0.7159090909090907, 'support': 80}, 'ORGANIZATION': {'f1': 0.6981132075471698, 'support': 57}, 'PERSON': {'f1': 0.7230769230769231, 'support': 71}, 'ART': {'f1': 0.5454545454545454, 'support': 12}, 'OTHER': {'f1': 0.6296296296296297, 'support': 31}, 'PRODUCT': {'f1': 0.4186046511627907, 'support': 23}, 'BUILDING': {'f1': 0.6666666666666666, 'support': 10}, 'EVENT': {'f1': 0.6428571428571429, 'support': 15}, 'LOCATION-BASED': {'f1': 0.0, 'support': 1}, 'support': 300}",-3.7755525974411315,0.039235867249424204,*
T5,dialectal,0.5244368393209748,0.4804821160881767,-8.381318766566705,"{'micro_f1': 0.6438356164383562, 'PERSON': {'f1': 0.7722772277227722, 'support': 56}, 'LOCATION': {'f1': 0.6168224299065421, 'support': 47}, 'ORGANIZATION': {'f1': 0.594059405940594, 'support': 54}, 'OTHER': {'f1': 0.7500000000000001, 'support': 21}, 'PRODUCT': {'f1': 0.35294117647058826, 'support': 17}, 'BUILDING': {'f1': 0.7499999999999999, 'support': 6}, 'ART': {'f1': 0.6666666666666667, 'support': 15}, 'EVENT': {'f1': 0.5333333333333333, 'support': 8}, 'support': 224}","{'micro_f1': 0.594847775175644, 'PERSON': {'f1': 0.7307692307692307, 'support': 56}, 'LOCATION': {'f1': 0.64, 'support': 47}, 'ORGANIZATION': {'f1': 0.5957446808510639, 'support': 54}, 'OTHER': {'f1': 0.6500000000000001, 'support': 21}, 'ART': {'f1': 0.5, 'support': 7}, 'PRODUCT': {'f1': 0.26666666666666666, 'support': 16}, 'BUILDING': {'f1': 0.7499999999999999, 'support': 6}, ""'ORGANIZATION"": {'f1': 0.0, 'support': 2}, ""'OTHER"": {'f1': 0.0, 'support': 2}, ""'ART"": {'f1': 0.0, 'support': 8}, 'EVENT': {'f1': 0.26666666666666666, 'support': 8}, 'support': 227}",-7.608749813144655,0.006972519083900052,**
T5,discourse,0.6101810181467044,0.5985870610870611,-1.9000848461096966,"{'micro_f1': 0.6775956284153005, 'PERSON': {'f1': 0.7956989247311829, 'support': 53}, 'PRODUCT': {'f1': 0.5, 'support': 14}, 'LOCATION': {'f1': 0.6407766990291263, 'support': 45}, 'BUILDING': {'f1': 0.6153846153846153, 'support': 7}, 'OTHER': {'f1': 0.6666666666666667, 'support': 27}, 'ORGANIZATION': {'f1': 0.6333333333333333, 'support': 31}, 'EVENT': {'f1': 0.7777777777777777, 'support': 10}, 'ART': {'f1': 0.5, 'support': 2}, 'support': 189}","{'micro_f1': 0.6554621848739496, 'PERSON': {'f1': 0.7446808510638298, 'support': 53}, 'PRODUCT': {'f1': 0.5, 'support': 14}, 'LOCATION': {'f1': 0.6391752577319588, 'support': 45}, 'BUILDING': {'f1': 0.7142857142857143, 'support': 7}, 'OTHER': {'f1': 0.72, 'support': 27}, 'ORGANIZATION': {'f1': 0.5, 'support': 31}, 'EVENT': {'f1': 0.7777777777777777, 'support': 10}, 'ART': {'f1': 0.5, 'support': 2}, 'support': 189}",-3.266467877473566,0.19877824239117214,ns
T5,typo_bias,0.5535451150157032,0.5438928571428572,-1.7437165663673593,"{'micro_f1': 0.6265560165975104, 'LOCATION': {'f1': 0.5937499999999999, 'support': 56}, 'EVENT': {'f1': 0.5625, 'support': 17}, 'PERSON': {'f1': 0.7959183673469389, 'support': 52}, 'BUILDING': {'f1': 0.7368421052631577, 'support': 9}, 'ORGANIZATION': {'f1': 0.5436893203883495, 'support': 57}, 'PRODUCT': {'f1': 0.608695652173913, 'support': 13}, 'OTHER': {'f1': 0.6206896551724138, 'support': 33}, 'ART': {'f1': 0.4761904761904762, 'support': 12}, 'support': 249}","{'micro_f1': 0.6160164271047228, 'LOCATION': {'f1': 0.5999999999999999, 'support': 56}, 'EVENT': {'f1': 0.5625, 'support': 17}, 'PERSON': {'f1': 0.8041237113402062, 'support': 52}, 'BUILDING': {'f1': 0.7777777777777778, 'support': 9}, 'ORGANIZATION': {'f1': 0.5, 'support': 57}, 'PRODUCT': {'f1': 0.5833333333333334, 'support': 13}, 'OTHER': {'f1': 0.6, 'support': 33}, 'ART': {'f1': 0.45454545454545453, 'support': 12}, 'support': 249}",-1.6821464024912576,0.05964084015258795,.
T5,compound_word,0.5426604327425121,0.5650781028517007,4.131067746342509,"{'micro_f1': 0.6551724137931035, 'LOCATION': {'f1': 0.671875, 'support': 58}, 'BUILDING': {'f1': 0.7058823529411765, 'support': 8}, 'PRODUCT': {'f1': 0.3846153846153846, 'support': 14}, 'OTHER': {'f1': 0.7272727272727272, 'support': 12}, 'ORGANIZATION': {'f1': 0.5102040816326532, 'support': 53}, 'PERSON': {'f1': 0.8641975308641975, 'support': 42}, 'EVENT': {'f1': 0.7777777777777777, 'support': 10}, 'ART': {'f1': 0.5, 'support': 10}, 'support': 207}","{'micro_f1': 0.665036674816626, 'LOCATION': {'f1': 0.6825396825396826, 'support': 57}, 'BUILDING': {'f1': 0.7777777777777777, 'support': 8}, 'PRODUCT': {'f1': 0.3846153846153846, 'support': 14}, 'OTHER': {'f1': 0.6956521739130435, 'support': 12}, 'ORGANIZATION': {'f1': 0.5050505050505051, 'support': 53}, 'PERSON': {'f1': 0.8780487804878048, 'support': 42}, 'LOCATION-BASED': {'f1': 0.0, 'support': 1}, 'EVENT': {'f1': 0.8421052631578948, 'support': 10}, 'ART': {'f1': 0.5333333333333333, 'support': 10}, 'support': 207}",1.5055977351692154,0.7458079242900635,ns
T5,negation,0.5337028034354238,0.533369150160594,-0.06251668019766637,"{'micro_f1': 0.6095791001451378, 'LOCATION': {'f1': 0.6504065040650407, 'support': 114}, 'ORGANIZATION': {'f1': 0.5380116959064327, 'support': 85}, 'PRODUCT': {'f1': 0.5454545454545454, 'support': 25}, 'ART': {'f1': 0.47058823529411764, 'support': 21}, 'PERSON': {'f1': 0.7777777777777778, 'support': 36}, 'BUILDING': {'f1': 0.8125, 'support': 16}, 'OTHER': {'f1': 0.5625, 'support': 30}, 'EVENT': {'f1': 0.38461538461538464, 'support': 16}, 'support': 343}","{'micro_f1': 0.5933734939759038, 'LOCATION': {'f1': 0.6470588235294117, 'support': 106}, 'ORGANIZATION': {'f1': 0.503225806451613, 'support': 82}, 'PRODUCT': {'f1': 0.5454545454545454, 'support': 25}, 'PERSON': {'f1': 0.7887323943661971, 'support': 36}, 'BUILDING': {'f1': 0.7333333333333334, 'support': 14}, 'OTHER': {'f1': 0.53125, 'support': 30}, 'ART': {'f1': 0.5, 'support': 20}, 'EVENT': {'f1': 0.38461538461538464, 'support': 16}, 'LOCATION-BASED': {'f1': 0.0, 'support': 4}, 'support': 333}",-2.6584911072862534,0.4228625363900358,ns
T5,temporal_bias,0.6174759880642233,0.6213175677299788,0.6221423569520131,"{'micro_f1': 0.7008547008547008, 'PERSON': {'f1': 0.8674698795180722, 'support': 42}, 'OTHER': {'f1': 0.6250000000000001, 'support': 25}, 'LOCATION': {'f1': 0.7737226277372263, 'support': 62}, 'ORGANIZATION': {'f1': 0.5871559633027523, 'support': 58}, 'PRODUCT': {'f1': 0.5555555555555555, 'support': 19}, 'BUILDING': {'f1': 0.6153846153846154, 'support': 5}, 'ART': {'f1': 0.5714285714285714, 'support': 9}, 'EVENT': {'f1': 0.7407407407407408, 'support': 14}, 'S.J.V.PERSON': {'f1': 0.0, 'support': 1}, 'support': 235}","{'micro_f1': 0.7041036717062635, 'PERSON': {'f1': 0.8780487804878048, 'support': 42}, 'OTHER': {'f1': 0.6122448979591836, 'support': 25}, 'LOCATION': {'f1': 0.7647058823529411, 'support': 62}, 'ORGANIZATION': {'f1': 0.6168224299065421, 'support': 58}, 'PRODUCT': {'f1': 0.5142857142857142, 'support': 19}, 'ART': {'f1': 0.5333333333333333, 'support': 9}, 'BUILDING': {'f1': 0.6666666666666666, 'support': 5}, 'EVENT': {'f1': 0.7692307692307692, 'support': 14}, 'S.J.V.PERSON': {'f1': 0.0, 'support': 1}, 'support': 235}",0.46357267028395005,0.8657723749926214,ns
T5,active_to_passive,0.5374528723112602,0.5498064994797021,2.2985507762413504,"{'micro_f1': 0.625, 'ORGANIZATION': {'f1': 0.5783132530120483, 'support': 41}, 'LOCATION': {'f1': 0.6363636363636365, 'support': 39}, 'PERSON': {'f1': 0.7422680412371134, 'support': 55}, 'ART': {'f1': 0.5333333333333333, 'support': 9}, 'PRODUCT': {'f1': 0.5882352941176471, 'support': 18}, 'BUILDING': {'f1': 0.5263157894736842, 'support': 10}, 'OTHER': {'f1': 0.6046511627906976, 'support': 23}, 'EVENT': {'f1': 0.4761904761904762, 'support': 12}, 'support': 207}","{'micro_f1': 0.6343825665859565, 'ORGANIZATION': {'f1': 0.6265060240963854, 'support': 41}, 'LOCATION': {'f1': 0.7415730337078651, 'support': 39}, 'PERSON': {'f1': 0.6542056074766355, 'support': 55}, 'ART': {'f1': 0.5714285714285714, 'support': 9}, 'PRODUCT': {'f1': 0.5294117647058824, 'support': 17}, 'BUILDING': {'f1': 0.5714285714285713, 'support': 10}, 'OTHER': {'f1': 0.6046511627906977, 'support': 22}, 'EVENT': {'f1': 0.45454545454545453, 'support': 12}, 'support': 205}",1.5012106537530379,0.5779835933495021,ns
T5,derivation,0.5740069062319701,0.5856931266138427,2.035902400301403,"{'micro_f1': 0.6745562130177514, 'LOCATION': {'f1': 0.7207207207207207, 'support': 51}, 'BUILDING': {'f1': 0.4000000000000001, 'support': 5}, 'PERSON': {'f1': 0.9354838709677419, 'support': 30}, 'ORGANIZATION': {'f1': 0.5542168674698795, 'support': 44}, 'EVENT': {'f1': 0.5185185185185186, 'support': 15}, 'OTHER': {'f1': 0.9, 'support': 11}, 'ART': {'f1': 0.5, 'support': 4}, 'PRODUCT': {'f1': 0.23529411764705882, 'support': 10}, 'support': 170}","{'micro_f1': 0.6666666666666666, 'LOCATION': {'f1': 0.6851851851851852, 'support': 47}, 'BUILDING': {'f1': 0.6, 'support': 5}, 'PERSON': {'f1': 0.9354838709677419, 'support': 30}, 'ORGANIZATION': {'f1': 0.5641025641025642, 'support': 42}, 'EVENT': {'f1': 0.6153846153846153, 'support': 15}, 'OTHER': {'f1': 0.7999999999999999, 'support': 11}, 'ART': {'f1': 0.5, 'support': 4}, 'PRODUCT': {'f1': 0.23529411764705882, 'support': 10}, 'LOCATIONN': {'f1': 0.0, 'support': 2}, 'LOCATION-NATIVE': {'f1': 0.0, 'support': 1}, 'LOCATIONAN': {'f1': 0.0, 'support': 1}, 'support': 168}",-1.1695906432748435,0.8993771840759466,ns
T5,punctuation,0.5395236397589339,0.517659281894576,-4.052530093792961,"{'micro_f1': 0.6411889596602971, 'LOCATION': {'f1': 0.6046511627906976, 'support': 60}, 'OTHER': {'f1': 0.6415094339622641, 'support': 30}, 'ORGANIZATION': {'f1': 0.5961538461538463, 'support': 56}, 'EVENT': {'f1': 0.6153846153846153, 'support': 14}, 'PERSON': {'f1': 0.8247422680412372, 'support': 51}, 'PRODUCT': {'f1': 0.41379310344827586, 'support': 17}, 'ART': {'f1': 0.625, 'support': 10}, 'BUILDING': {'f1': 0.5882352941176471, 'support': 8}, 'support': 246}","{'micro_f1': 0.6021505376344085, 'LOCATION': {'f1': 0.5826771653543308, 'support': 58}, 'OTHER': {'f1': 0.5660377358490566, 'support': 30}, 'ORGANIZATION': {'f1': 0.54, 'support': 56}, 'ART': {'f1': 0.588235294117647, 'support': 10}, 'EVENT': {'f1': 0.5925925925925927, 'support': 14}, 'PERSON': {'f1': 0.8085106382978724, 'support': 50}, 'PRODUCT': {'f1': 0.3448275862068966, 'support': 17}, 'BUILDING': {'f1': 0.625, 'support': 8}, 'LOCATION-BASED': {'f1': 0.0, 'support': 1}, 'EVENTTO': {'f1': 0.0, 'support': 1}, 'support': 245}",-6.088442640461434,0.01753704103811706,*
T5,casual,0.45057761576303773,0.4573005798549276,1.492076804682091,"{'micro_f1': 0.5526315789473684, 'ART': {'f1': 0.6, 'support': 13}, 'ORGANIZATION': {'f1': 0.5174825174825175, 'support': 74}, 'PERSON': {'f1': 0.7500000000000001, 'support': 42}, 'PRODUCT': {'f1': 0.380952380952381, 'support': 23}, 'LOCATION': {'f1': 0.6046511627906976, 'support': 57}, 'EVENT': {'f1': 0.25, 'support': 5}, 'OTHER': {'f1': 0.11111111111111112, 'support': 10}, 'BUILDING': {'f1': 0.5, 'support': 6}, 'support': 230}","{'micro_f1': 0.5257985257985258, 'ART': {'f1': 0.6363636363636364, 'support': 13}, 'ORGANIZATION': {'f1': 0.45, 'support': 72}, 'PERSON': {'f1': 0.717948717948718, 'support': 42}, 'PRODUCT': {'f1': 0.5263157894736841, 'support': 23}, 'LOCATION': {'f1': 0.5283018867924528, 'support': 56}, 'EVENT': {'f1': 0.25, 'support': 5}, 'OTHER': {'f1': 0.14285714285714288, 'support': 10}, 'BUILDING': {'f1': 0.5882352941176471, 'support': 6}, ""'OTHER"": {'f1': 0.0, 'support': 1}, 'NON-ORGANIZATION': {'f1': 0.0, 'support': 1}, ""'ORGANIZATION"": {'f1': 0.0, 'support': 2}, 'support': 231}",-4.855504855504842,0.5346634205793379,ns
T5,geographical_bias,0.6138138261840683,0.6309373360843947,2.7896911359555245,"{'micro_f1': 0.5422222222222223, 'ORGANIZATION': {'f1': 0.4285714285714286, 'support': 140}, 'EVENT': {'f1': 0.463768115942029, 'support': 37}, 'LOCATION': {'f1': 0.6625000000000001, 'support': 72}, 'PRODUCT': {'f1': 0.19999999999999998, 'support': 29}, 'PERSON': {'f1': 1.0, 'support': 37}, 'OTHER': {'f1': 1.0, 'support': 4}, 'BUILDING': {'f1': 0.5, 'support': 10}, 'support': 329}","{'micro_f1': 0.6123778501628665, 'LOCATION': {'f1': 0.7954545454545455, 'support': 84}, 'ORGANIZATION': {'f1': 0.5596330275229358, 'support': 104}, 'EVENT': {'f1': 0.6037735849056605, 'support': 28}, 'PRODUCT': {'f1': 0.1951219512195122, 'support': 23}, 'PERSON': {'f1': 0.8, 'support': 39}, 'OTHER': {'f1': 0.125, 'support': 12}, 'BUILDING': {'f1': 0.4210526315789474, 'support': 12}, ""'ORGANIZATION"": {'f1': 0.0, 'support': 1}, 'ART': {'f1': 0.0, 'support': 9}, 'NON-ENTITY': {'f1': 0.0, 'support': 1}, 'support': 313}",12.93853793987291,0.6739490574515854,ns
